<?xml version="1.0" encoding="UTF-8" ?>
<!DOCTYPE struts PUBLIC
    "-//Apache Software Foundation//DTD Struts Configuration 2.3//EN"
    "http://struts.apache.org/dtds/struts-2.3.dtd">
<struts>
	<!-- 指定默认编码集 ，作用于HttpServletRequest的setCharacterEncoding（）和freemarker，vilocity的输出 -->
    <constant name="struts.i18n.encoding" value="UTF-8"/>
	<!-- 当struts配置文件修改时是否自动加载 -->
	<constant name="struts.configuration.xmlreload" value="true"/>
	<!-- 开发模式下打印详细的错误信息，默认为false -->	
	<constant name="struts.devMode" value="true"/>
	<!-- 标准的UI主题，默认的UI主题为xhtml，可以为simple,xhtml或ajax -->
	<constant name="struts.ui.theme" value="xhtml"/>
	
	<package name="test" namespace="/" extends="struts-default">
		<action name="hello" class="com.sinaapp.sanrenxing.action.HelloAction">
			<result name="success">/pages/hello.jsp</result>
		</action>
		<action name="demo" class="demoAction">
		</action>
	</package>
</struts>